external_dataset_id,external_row_id,mapping_id,prediction_endpoint,original_smiles,ground_truth_raw_value,source_partition,canonical_smiles,isomeric_smiles,inchikey,parent_canonical_smiles,parent_isomeric_smiles,parent_inchikey,murcko_scaffold,structure_parse_status,ground_truth_raw_unit,ground_truth_qualifier,ground_truth_status,ground_truth_normalized_unit,transformation,reverse_transformation,model_run_id,provider,package_version,adapter_version,sensitivity_cohort,ground_truth_normalized_value,raw_prediction,normalized_prediction,prediction_status,failure_reason
asap-antiviral-admet-2025-unblinded,ASAP-0027762:HLM,ASAP_HLM_MICROSOME,Clearance_Microsome_AZ,CNCC1=NC2=NC=NN2C(SC2=NN=C(C3=CC=C(Cl)C=C3)N2C)=C1,0.0,TRAIN,CNCc1cc(Sc2nnc(-c3ccc(Cl)cc3)n2C)n2ncnc2n1,CNCc1cc(Sc2nnc(-c3ccc(Cl)cc3)n2C)n2ncnc2n1,PXVSUTSMNODZGU-UHFFFAOYSA-N,CNCc1cc(Sc2nnc(-c3ccc(Cl)cc3)n2C)n2ncnc2n1,CNCc1cc(Sc2nnc(-c3ccc(Cl)cc3)n2C)n2ncnc2n1,PXVSUTSMNODZGU-UHFFFAOYSA-N,c1ccc(-c2nnc(Sc3ccnc4ncnn34)[nH]2)cc1,PARSED,uL/min/mg,LOWER_BOUND_UNRELIABLE_<10,EXCLUDED_CENSORING_OR_BOUND,uL/min/mg,identity,identity,PREPRINT-V1-HLM-LOWCLEARANCE-ADMETAI-2.0.1,admet_ai,2.0.1,v2,HLM_BELOW_RELIABLE_BOUND,0.0,0.5473392605781555,0.5473392605781555,SUCCESS,
asap-antiviral-admet-2025-unblinded,ASAP-0027553:HLM,ASAP_HLM_MICROSOME,Clearance_Microsome_AZ,C1=CC=C(C2=NC3=NN=CN3C(SC3=NC(C4=CC=CC=N4)=NO3)=C2)C=C1,0.0,TRAIN,c1ccc(-c2cc(Sc3nc(-c4ccccn4)no3)n3cnnc3n2)cc1,c1ccc(-c2cc(Sc3nc(-c4ccccn4)no3)n3cnnc3n2)cc1,YHQZFIOMLNNXRN-UHFFFAOYSA-N,c1ccc(-c2cc(Sc3nc(-c4ccccn4)no3)n3cnnc3n2)cc1,c1ccc(-c2cc(Sc3nc(-c4ccccn4)no3)n3cnnc3n2)cc1,YHQZFIOMLNNXRN-UHFFFAOYSA-N,c1ccc(-c2cc(Sc3nc(-c4ccccn4)no3)n3cnnc3n2)cc1,PARSED,uL/min/mg,LOWER_BOUND_UNRELIABLE_<10,EXCLUDED_CENSORING_OR_BOUND,uL/min/mg,identity,identity,PREPRINT-V1-HLM-LOWCLEARANCE-ADMETAI-2.0.1,admet_ai,2.0.1,v2,HLM_BELOW_RELIABLE_BOUND,0.0,45.42499542236328,45.42499542236328,SUCCESS,
asap-antiviral-admet-2025-unblinded,ASAP-0016386:HLM,ASAP_HLM_MICROSOME,Clearance_Microsome_AZ,NCC1=CC=CC(CNC(=O)[C@H](NC(=O)OCC2=CC=CC=C2)C2=CC=C(OCC3=CC=CC=C3)C=C2)=C1 |&1:11|,3.89,TRAIN,NCc1cccc(CNC(=O)C(NC(=O)OCc2ccccc2)c2ccc(OCc3ccccc3)cc2)c1,NCc1cccc(CNC(=O)[C@H](NC(=O)OCc2ccccc2)c2ccc(OCc3ccccc3)cc2)c1,GZUQFUBHUKVMEF-GDLZYMKVSA-N,NCc1cccc(CNC(=O)C(NC(=O)OCc2ccccc2)c2ccc(OCc3ccccc3)cc2)c1,NCc1cccc(CNC(=O)[C@H](NC(=O)OCc2ccccc2)c2ccc(OCc3ccccc3)cc2)c1,GZUQFUBHUKVMEF-GDLZYMKVSA-N,O=C(NC(C(=O)NCc1ccccc1)c1ccc(OCc2ccccc2)cc1)OCc1ccccc1,PARSED,uL/min/mg,LOWER_BOUND_UNRELIABLE_<10,EXCLUDED_CENSORING_OR_BOUND,uL/min/mg,identity,identity,PREPRINT-V1-HLM-LOWCLEARANCE-ADMETAI-2.0.1,admet_ai,2.0.1,v2,HLM_BELOW_RELIABLE_BOUND,3.89,66.47184753417969,66.47184753417969,SUCCESS,
asap-antiviral-admet-2025-unblinded,ASAP-0016121:HLM,ASAP_HLM_MICROSOME,Clearance_Microsome_AZ,NCC1=CC=CC(NC(=O)[C@H](NC(=O)OCC2=CC=CC=C2)C2CCCCC2)=C1 |&1:10|,5.29,TRAIN,NCc1cccc(NC(=O)C(NC(=O)OCc2ccccc2)C2CCCCC2)c1,NCc1cccc(NC(=O)[C@H](NC(=O)OCc2ccccc2)C2CCCCC2)c1,MCPODZZKQKAECN-OAQYLSRUSA-N,NCc1cccc(NC(=O)C(NC(=O)OCc2ccccc2)C2CCCCC2)c1,NCc1cccc(NC(=O)[C@H](NC(=O)OCc2ccccc2)C2CCCCC2)c1,MCPODZZKQKAECN-OAQYLSRUSA-N,O=C(NC(C(=O)Nc1ccccc1)C1CCCCC1)OCc1ccccc1,PARSED,uL/min/mg,LOWER_BOUND_UNRELIABLE_<10,EXCLUDED_CENSORING_OR_BOUND,uL/min/mg,identity,identity,PREPRINT-V1-HLM-LOWCLEARANCE-ADMETAI-2.0.1,admet_ai,2.0.1,v2,HLM_BELOW_RELIABLE_BOUND,5.29,39.134971618652344,39.134971618652344,SUCCESS,
asap-antiviral-admet-2025-unblinded,ASAP-0014722:HLM,ASAP_HLM_MICROSOME,Clearance_Microsome_AZ,"C[C@H](C(=O)O)[C@@H](NC(=O)C1=NC=NC2=C1C=CN2)C1=CC=C(Br)C=C1 |o1:1,5|",3.0,TRAIN,CC(C(=O)O)C(NC(=O)c1ncnc2[nH]ccc12)c1ccc(Br)cc1,C[C@H](C(=O)O)[C@@H](NC(=O)c1ncnc2[nH]ccc12)c1ccc(Br)cc1,BBYUVETWVSEHPK-TVQRCGJNSA-N,CC(C(=O)O)C(NC(=O)c1ncnc2[nH]ccc12)c1ccc(Br)cc1,C[C@H](C(=O)O)[C@@H](NC(=O)c1ncnc2[nH]ccc12)c1ccc(Br)cc1,BBYUVETWVSEHPK-TVQRCGJNSA-N,O=C(NCc1ccccc1)c1ncnc2[nH]ccc12,PARSED,uL/min/mg,LOWER_BOUND_UNRELIABLE_<10,EXCLUDED_CENSORING_OR_BOUND,uL/min/mg,identity,identity,PREPRINT-V1-HLM-LOWCLEARANCE-ADMETAI-2.0.1,admet_ai,2.0.1,v2,HLM_BELOW_RELIABLE_BOUND,3.0,-6.0218071937561035,-6.0218071937561035,SUCCESS,
asap-antiviral-admet-2025-unblinded,ASAP-0015381:HLM,ASAP_HLM_MICROSOME,Clearance_Microsome_AZ,COC1=CC=C([C@H](CC2=NN=NN2)NC(=O)C2=NC=NC3=C2C=CN3)C=C1 |o1:6|,2.0,TRAIN,COc1ccc(C(Cc2nnn[nH]2)NC(=O)c2ncnc3[nH]ccc23)cc1,COc1ccc([C@H](Cc2nnn[nH]2)NC(=O)c2ncnc3[nH]ccc23)cc1,DMABAHOUGOIDPW-ZDUSSCGKSA-N,COc1ccc(C(Cc2nnn[nH]2)NC(=O)c2ncnc3[nH]ccc23)cc1,COc1ccc([C@H](Cc2nnn[nH]2)NC(=O)c2ncnc3[nH]ccc23)cc1,DMABAHOUGOIDPW-ZDUSSCGKSA-N,O=C(NC(Cc1nnn[nH]1)c1ccccc1)c1ncnc2[nH]ccc12,PARSED,uL/min/mg,LOWER_BOUND_UNRELIABLE_<10,EXCLUDED_CENSORING_OR_BOUND,uL/min/mg,identity,identity,PREPRINT-V1-HLM-LOWCLEARANCE-ADMETAI-2.0.1,admet_ai,2.0.1,v2,HLM_BELOW_RELIABLE_BOUND,2.0,18.237918853759766,18.237918853759766,SUCCESS,
asap-antiviral-admet-2025-unblinded,ASAP-0014913:HLM,ASAP_HLM_MICROSOME,Clearance_Microsome_AZ,CN1C=C(NC(=O)NCC2=CC=CC=N2)C2=CN=CC=C2C1=O,4.11,TRAIN,Cn1cc(NC(=O)NCc2ccccn2)c2cnccc2c1=O,Cn1cc(NC(=O)NCc2ccccn2)c2cnccc2c1=O,KYDXEFDNYRDYRH-UHFFFAOYSA-N,Cn1cc(NC(=O)NCc2ccccn2)c2cnccc2c1=O,Cn1cc(NC(=O)NCc2ccccn2)c2cnccc2c1=O,KYDXEFDNYRDYRH-UHFFFAOYSA-N,O=C(NCc1ccccn1)Nc1c[nH]c(=O)c2ccncc12,PARSED,uL/min/mg,LOWER_BOUND_UNRELIABLE_<10,EXCLUDED_CENSORING_OR_BOUND,uL/min/mg,identity,identity,PREPRINT-V1-HLM-LOWCLEARANCE-ADMETAI-2.0.1,admet_ai,2.0.1,v2,HLM_BELOW_RELIABLE_BOUND,4.11,1.9909636974334717,1.9909636974334717,SUCCESS,
asap-antiviral-admet-2025-unblinded,ASAP-0014807:HLM,ASAP_HLM_MICROSOME,Clearance_Microsome_AZ,CC1=NC=CN1C[C@H](C)CNC(=O)C1=CC=C2COB(O)C2=C1 |&1:7|,1.0,TRAIN,Cc1nccn1CC(C)CNC(=O)c1ccc2c(c1)B(O)OC2,Cc1nccn1C[C@H](C)CNC(=O)c1ccc2c(c1)B(O)OC2,FHRUOBYKYYOPAD-LLVKDONJSA-N,Cc1nccn1CC(C)CNC(=O)c1ccc2c(c1)B(O)OC2,Cc1nccn1C[C@H](C)CNC(=O)c1ccc2c(c1)B(O)OC2,FHRUOBYKYYOPAD-LLVKDONJSA-N,O=C(NCCCn1ccnc1)c1ccc2c(c1)BOC2,PARSED,uL/min/mg,LOWER_BOUND_UNRELIABLE_<10,EXCLUDED_CENSORING_OR_BOUND,uL/min/mg,identity,identity,PREPRINT-V1-HLM-LOWCLEARANCE-ADMETAI-2.0.1,admet_ai,2.0.1,v2,HLM_BELOW_RELIABLE_BOUND,1.0,16.059783935546875,16.059783935546875,SUCCESS,
asap-antiviral-admet-2025-unblinded,ASAP-0014822:HLM,ASAP_HLM_MICROSOME,Clearance_Microsome_AZ,"C[C@H]1CN(C[C@H](O)CNC(=O)C2=CC=C3COB(O)C3=C2)CCO1 |&1:1,&2:5|",8.0,TRAIN,CC1CN(CC(O)CNC(=O)c2ccc3c(c2)B(O)OC3)CCO1,C[C@H]1CN(C[C@H](O)CNC(=O)c2ccc3c(c2)B(O)OC3)CCO1,VGMBMUALHUDZIG-SMDDNHRTSA-N,CC1CN(CC(O)CNC(=O)c2ccc3c(c2)B(O)OC3)CCO1,C[C@H]1CN(C[C@H](O)CNC(=O)c2ccc3c(c2)B(O)OC3)CCO1,VGMBMUALHUDZIG-SMDDNHRTSA-N,O=C(NCCCN1CCOCC1)c1ccc2c(c1)BOC2,PARSED,uL/min/mg,LOWER_BOUND_UNRELIABLE_<10,EXCLUDED_CENSORING_OR_BOUND,uL/min/mg,identity,identity,PREPRINT-V1-HLM-LOWCLEARANCE-ADMETAI-2.0.1,admet_ai,2.0.1,v2,HLM_BELOW_RELIABLE_BOUND,8.0,7.989034175872803,7.989034175872803,SUCCESS,
asap-antiviral-admet-2025-unblinded,ASAP-0014817:HLM,ASAP_HLM_MICROSOME,Clearance_Microsome_AZ,O=C(C1=CC=C2COB(O)C2=C1)N1CCN[C@H](C2=CC=CC=C2)C1 |&1:16|,4.0,TRAIN,O=C(c1ccc2c(c1)B(O)OC2)N1CCNC(c2ccccc2)C1,O=C(c1ccc2c(c1)B(O)OC2)N1CCN[C@H](c2ccccc2)C1,RHHDHNYNRHIFOX-KRWDZBQOSA-N,O=C(c1ccc2c(c1)B(O)OC2)N1CCNC(c2ccccc2)C1,O=C(c1ccc2c(c1)B(O)OC2)N1CCN[C@H](c2ccccc2)C1,RHHDHNYNRHIFOX-KRWDZBQOSA-N,O=C(c1ccc2c(c1)BOC2)N1CCNC(c2ccccc2)C1,PARSED,uL/min/mg,LOWER_BOUND_UNRELIABLE_<10,EXCLUDED_CENSORING_OR_BOUND,uL/min/mg,identity,identity,PREPRINT-V1-HLM-LOWCLEARANCE-ADMETAI-2.0.1,admet_ai,2.0.1,v2,HLM_BELOW_RELIABLE_BOUND,4.0,14.940960884094238,14.940960884094238,SUCCESS,
asap-antiviral-admet-2025-unblinded,ASAP-0014813:HLM,ASAP_HLM_MICROSOME,Clearance_Microsome_AZ,O=C(C[C@H]1CCN2C=NC=C2C1)NC1=CC=CC(B(O)O)=C1 |&1:3|,8.0,TRAIN,O=C(CC1CCn2cncc2C1)Nc1cccc(B(O)O)c1,O=C(C[C@H]1CCn2cncc2C1)Nc1cccc(B(O)O)c1,CPCYRWCGBANCRY-NSHDSACASA-N,O=C(CC1CCn2cncc2C1)Nc1cccc(B(O)O)c1,O=C(C[C@H]1CCn2cncc2C1)Nc1cccc(B(O)O)c1,CPCYRWCGBANCRY-NSHDSACASA-N,O=C(CC1CCn2cncc2C1)Nc1ccccc1,PARSED,uL/min/mg,LOWER_BOUND_UNRELIABLE_<10,EXCLUDED_CENSORING_OR_BOUND,uL/min/mg,identity,identity,PREPRINT-V1-HLM-LOWCLEARANCE-ADMETAI-2.0.1,admet_ai,2.0.1,v2,HLM_BELOW_RELIABLE_BOUND,8.0,4.813381671905518,4.813381671905518,SUCCESS,
asap-antiviral-admet-2025-unblinded,ASAP-0014761:HLM,ASAP_HLM_MICROSOME,Clearance_Microsome_AZ,CC1=CC(NC(=O)NC2=CNC(=O)C3=CC=CC=C23)=NO1,9.69,TRAIN,Cc1cc(NC(=O)Nc2c[nH]c(=O)c3ccccc23)no1,Cc1cc(NC(=O)Nc2c[nH]c(=O)c3ccccc23)no1,HSABWAJHUBLNQN-UHFFFAOYSA-N,Cc1cc(NC(=O)Nc2c[nH]c(=O)c3ccccc23)no1,Cc1cc(NC(=O)Nc2c[nH]c(=O)c3ccccc23)no1,HSABWAJHUBLNQN-UHFFFAOYSA-N,O=C(Nc1ccon1)Nc1c[nH]c(=O)c2ccccc12,PARSED,uL/min/mg,LOWER_BOUND_UNRELIABLE_<10,EXCLUDED_CENSORING_OR_BOUND,uL/min/mg,identity,identity,PREPRINT-V1-HLM-LOWCLEARANCE-ADMETAI-2.0.1,admet_ai,2.0.1,v2,HLM_BELOW_RELIABLE_BOUND,9.69,23.3122501373291,23.3122501373291,SUCCESS,
asap-antiviral-admet-2025-unblinded,ASAP-0014739:HLM,ASAP_HLM_MICROSOME,Clearance_Microsome_AZ,"O=C(NC1=CC=CC(B(O)O)=C1)[C@H]1CCN2CCC[C@H]2C1 |&1:12,&2:19|",9.0,TRAIN,O=C(Nc1cccc(B(O)O)c1)C1CCN2CCCC2C1,O=C(Nc1cccc(B(O)O)c1)[C@H]1CCN2CCC[C@H]2C1,VRTMAYNZLVCDRQ-FZMZJTMJSA-N,O=C(Nc1cccc(B(O)O)c1)C1CCN2CCCC2C1,O=C(Nc1cccc(B(O)O)c1)[C@H]1CCN2CCC[C@H]2C1,VRTMAYNZLVCDRQ-FZMZJTMJSA-N,O=C(Nc1ccccc1)C1CCN2CCCC2C1,PARSED,uL/min/mg,LOWER_BOUND_UNRELIABLE_<10,EXCLUDED_CENSORING_OR_BOUND,uL/min/mg,identity,identity,PREPRINT-V1-HLM-LOWCLEARANCE-ADMETAI-2.0.1,admet_ai,2.0.1,v2,HLM_BELOW_RELIABLE_BOUND,9.0,-12.024480819702148,-12.024480819702148,SUCCESS,
asap-antiviral-admet-2025-unblinded,ASAP-0014731:HLM,ASAP_HLM_MICROSOME,Clearance_Microsome_AZ,O=C(NC1=CC=CC(B(O)O)=C1)[C@H]1CCN(CC2=CC=CC=C2)C1 |&1:12|,7.0,TRAIN,O=C(Nc1cccc(B(O)O)c1)C1CCN(Cc2ccccc2)C1,O=C(Nc1cccc(B(O)O)c1)[C@H]1CCN(Cc2ccccc2)C1,FQSACWMFLLIDHH-HNNXBMFYSA-N,O=C(Nc1cccc(B(O)O)c1)C1CCN(Cc2ccccc2)C1,O=C(Nc1cccc(B(O)O)c1)[C@H]1CCN(Cc2ccccc2)C1,FQSACWMFLLIDHH-HNNXBMFYSA-N,O=C(Nc1ccccc1)C1CCN(Cc2ccccc2)C1,PARSED,uL/min/mg,LOWER_BOUND_UNRELIABLE_<10,EXCLUDED_CENSORING_OR_BOUND,uL/min/mg,identity,identity,PREPRINT-V1-HLM-LOWCLEARANCE-ADMETAI-2.0.1,admet_ai,2.0.1,v2,HLM_BELOW_RELIABLE_BOUND,7.0,15.1779203414917,15.1779203414917,SUCCESS,
asap-antiviral-admet-2025-unblinded,ASAP-0014809:HLM,ASAP_HLM_MICROSOME,Clearance_Microsome_AZ,CN(C)C[C@H]1C[C@H](NC(=O)C2=CC=C3COB(O)C3=C2)C1,5.0,TRAIN,CN(C)CC1CC(NC(=O)c2ccc3c(c2)B(O)OC3)C1,CN(C)C[C@H]1C[C@H](NC(=O)c2ccc3c(c2)B(O)OC3)C1,RBCBZWTUUVEBQH-MJHDQNEOSA-N,CN(C)CC1CC(NC(=O)c2ccc3c(c2)B(O)OC3)C1,CN(C)C[C@H]1C[C@H](NC(=O)c2ccc3c(c2)B(O)OC3)C1,RBCBZWTUUVEBQH-MJHDQNEOSA-N,O=C(NC1CCC1)c1ccc2c(c1)BOC2,PARSED,uL/min/mg,LOWER_BOUND_UNRELIABLE_<10,EXCLUDED_CENSORING_OR_BOUND,uL/min/mg,identity,identity,PREPRINT-V1-HLM-LOWCLEARANCE-ADMETAI-2.0.1,admet_ai,2.0.1,v2,HLM_BELOW_RELIABLE_BOUND,5.0,-4.871302127838135,-4.871302127838135,SUCCESS,
asap-antiviral-admet-2025-unblinded,ASAP-0013407:HLM,ASAP_HLM_MICROSOME,Clearance_Microsome_AZ,CNCCN1C[C@@]2(C(=O)N(C3=CN=CC4=CC=CC=C34)C[C@@H]2C)C2=CC(F)=CC=C2C1=O,3.0,TRAIN,CNCCN1CC2(C(=O)N(c3cncc4ccccc34)CC2C)c2cc(F)ccc2C1=O,CNCCN1C[C@@]2(C(=O)N(c3cncc4ccccc34)C[C@@H]2C)c2cc(F)ccc2C1=O,KJZJPTIGULTMLI-LMKMVOKYSA-N,CNCCN1CC2(C(=O)N(c3cncc4ccccc34)CC2C)c2cc(F)ccc2C1=O,CNCCN1C[C@@]2(C(=O)N(c3cncc4ccccc34)C[C@@H]2C)c2cc(F)ccc2C1=O,KJZJPTIGULTMLI-LMKMVOKYSA-N,O=C1NCC2(CCN(c3cncc4ccccc34)C2=O)c2ccccc21,PARSED,uL/min/mg,LOWER_BOUND_UNRELIABLE_<10,EXCLUDED_CENSORING_OR_BOUND,uL/min/mg,identity,identity,PREPRINT-V1-HLM-LOWCLEARANCE-ADMETAI-2.0.1,admet_ai,2.0.1,v2,HLM_BELOW_RELIABLE_BOUND,3.0,20.127216339111328,20.127216339111328,SUCCESS,
asap-antiviral-admet-2025-unblinded,ASAP-0013305:HLM,ASAP_HLM_MICROSOME,Clearance_Microsome_AZ,C[C@H]1CN(C2=CN=CC3=CC=CC=C23)C(=O)[C@@]12CN(CC1=NNC=N1)C(=O)C1=CC=C(F)C=C12,2.0,TRAIN,CC1CN(c2cncc3ccccc23)C(=O)C12CN(Cc1nc[nH]n1)C(=O)c1ccc(F)cc12,C[C@H]1CN(c2cncc3ccccc23)C(=O)[C@@]12CN(Cc1nc[nH]n1)C(=O)c1ccc(F)cc12,RFKDNZCBVMYALM-MQNRADLISA-N,CC1CN(c2cncc3ccccc23)C(=O)C12CN(Cc1nc[nH]n1)C(=O)c1ccc(F)cc12,C[C@H]1CN(c2cncc3ccccc23)C(=O)[C@@]12CN(Cc1nc[nH]n1)C(=O)c1ccc(F)cc12,RFKDNZCBVMYALM-MQNRADLISA-N,O=C1c2ccccc2C2(CCN(c3cncc4ccccc34)C2=O)CN1Cc1nc[nH]n1,PARSED,uL/min/mg,LOWER_BOUND_UNRELIABLE_<10,EXCLUDED_CENSORING_OR_BOUND,uL/min/mg,identity,identity,PREPRINT-V1-HLM-LOWCLEARANCE-ADMETAI-2.0.1,admet_ai,2.0.1,v2,HLM_BELOW_RELIABLE_BOUND,2.0,29.969799041748047,29.969799041748047,SUCCESS,
asap-antiviral-admet-2025-unblinded,ASAP-0013304:HLM,ASAP_HLM_MICROSOME,Clearance_Microsome_AZ,C[C@H]1CN(C2=CN=CC3=CC=CC=C23)C(=O)[C@@]12CN(CC1=CC(O)=NC=N1)C(=O)C1=CC=C(F)C=C12,2.0,TRAIN,CC1CN(c2cncc3ccccc23)C(=O)C12CN(Cc1cc(O)ncn1)C(=O)c1ccc(F)cc12,C[C@H]1CN(c2cncc3ccccc23)C(=O)[C@@]12CN(Cc1cc(O)ncn1)C(=O)c1ccc(F)cc12,YWTDKTHDMXBYQL-OQRWROFFSA-N,CC1CN(c2cncc3ccccc23)C(=O)C12CN(Cc1cc(O)ncn1)C(=O)c1ccc(F)cc12,C[C@H]1CN(c2cncc3ccccc23)C(=O)[C@@]12CN(Cc1cc(O)ncn1)C(=O)c1ccc(F)cc12,YWTDKTHDMXBYQL-OQRWROFFSA-N,O=C1c2ccccc2C2(CCN(c3cncc4ccccc34)C2=O)CN1Cc1ccncn1,PARSED,uL/min/mg,LOWER_BOUND_UNRELIABLE_<10,EXCLUDED_CENSORING_OR_BOUND,uL/min/mg,identity,identity,PREPRINT-V1-HLM-LOWCLEARANCE-ADMETAI-2.0.1,admet_ai,2.0.1,v2,HLM_BELOW_RELIABLE_BOUND,2.0,41.44788360595703,41.44788360595703,SUCCESS,
asap-antiviral-admet-2025-unblinded,ASAP-0012337:HLM,ASAP_HLM_MICROSOME,Clearance_Microsome_AZ,CNCCN1C[C@@]2(C(=O)N(C3=CN=CC4=CC=CC=C34)C[C@@H]2C)C2=CC(Cl)=CC=C2C1=O,4.0,TRAIN,CNCCN1CC2(C(=O)N(c3cncc4ccccc34)CC2C)c2cc(Cl)ccc2C1=O,CNCCN1C[C@@]2(C(=O)N(c3cncc4ccccc34)C[C@@H]2C)c2cc(Cl)ccc2C1=O,IQMUOAQSOCJNDP-LMKMVOKYSA-N,CNCCN1CC2(C(=O)N(c3cncc4ccccc34)CC2C)c2cc(Cl)ccc2C1=O,CNCCN1C[C@@]2(C(=O)N(c3cncc4ccccc34)C[C@@H]2C)c2cc(Cl)ccc2C1=O,IQMUOAQSOCJNDP-LMKMVOKYSA-N,O=C1NCC2(CCN(c3cncc4ccccc34)C2=O)c2ccccc21,PARSED,uL/min/mg,LOWER_BOUND_UNRELIABLE_<10,EXCLUDED_CENSORING_OR_BOUND,uL/min/mg,identity,identity,PREPRINT-V1-HLM-LOWCLEARANCE-ADMETAI-2.0.1,admet_ai,2.0.1,v2,HLM_BELOW_RELIABLE_BOUND,4.0,20.521175384521484,20.521175384521484,SUCCESS,
asap-antiviral-admet-2025-unblinded,ASAP-0011247:HLM,ASAP_HLM_MICROSOME,Clearance_Microsome_AZ,CC(C)[C@H](NC1=NC=NC2=C1C(C(=O)NC1CC1)=CN2)C1=CC=C2CCCS(=O)(=O)C2=C1 |o1:3|,5.0,TRAIN,CC(C)C(Nc1ncnc2[nH]cc(C(=O)NC3CC3)c12)c1ccc2c(c1)S(=O)(=O)CCC2,CC(C)[C@H](Nc1ncnc2[nH]cc(C(=O)NC3CC3)c12)c1ccc2c(c1)S(=O)(=O)CCC2,FGTMEWMCYMGHFR-FQEVSTJZSA-N,CC(C)C(Nc1ncnc2[nH]cc(C(=O)NC3CC3)c12)c1ccc2c(c1)S(=O)(=O)CCC2,CC(C)[C@H](Nc1ncnc2[nH]cc(C(=O)NC3CC3)c12)c1ccc2c(c1)S(=O)(=O)CCC2,FGTMEWMCYMGHFR-FQEVSTJZSA-N,O=C(NC1CC1)c1c[nH]c2ncnc(NCc3ccc4c(c3)S(=O)(=O)CCC4)c12,PARSED,uL/min/mg,LOWER_BOUND_UNRELIABLE_<10,EXCLUDED_CENSORING_OR_BOUND,uL/min/mg,identity,identity,PREPRINT-V1-HLM-LOWCLEARANCE-ADMETAI-2.0.1,admet_ai,2.0.1,v2,HLM_BELOW_RELIABLE_BOUND,5.0,31.2888126373291,31.2888126373291,SUCCESS,
asap-antiviral-admet-2025-unblinded,ASAP-0011196:HLM,ASAP_HLM_MICROSOME,Clearance_Microsome_AZ,CC(C)[C@H](NC1=NC=NC2=C1C=C(C(=O)N[C@@H]1CCN(C)C1)N2)C1=CC=C2CCCS(=O)(=O)C2=C1 |o1:3|,3.0,TRAIN,CC(C)C(Nc1ncnc2[nH]c(C(=O)NC3CCN(C)C3)cc12)c1ccc2c(c1)S(=O)(=O)CCC2,CC(C)[C@H](Nc1ncnc2[nH]c(C(=O)N[C@@H]3CCN(C)C3)cc12)c1ccc2c(c1)S(=O)(=O)CCC2,QEVYAPKJBMOYGR-GCJKJVERSA-N,CC(C)C(Nc1ncnc2[nH]c(C(=O)NC3CCN(C)C3)cc12)c1ccc2c(c1)S(=O)(=O)CCC2,CC(C)[C@H](Nc1ncnc2[nH]c(C(=O)N[C@@H]3CCN(C)C3)cc12)c1ccc2c(c1)S(=O)(=O)CCC2,QEVYAPKJBMOYGR-GCJKJVERSA-N,O=C(NC1CCNC1)c1cc2c(NCc3ccc4c(c3)S(=O)(=O)CCC4)ncnc2[nH]1,PARSED,uL/min/mg,LOWER_BOUND_UNRELIABLE_<10,EXCLUDED_CENSORING_OR_BOUND,uL/min/mg,identity,identity,PREPRINT-V1-HLM-LOWCLEARANCE-ADMETAI-2.0.1,admet_ai,2.0.1,v2,HLM_BELOW_RELIABLE_BOUND,3.0,29.432022094726562,29.432022094726562,SUCCESS,
asap-antiviral-admet-2025-unblinded,ASAP-0010744:HLM,ASAP_HLM_MICROSOME,Clearance_Microsome_AZ,COC1=CC=C([C@H](NC(=O)C2=C3C=CNC3=NC=N2)C(C)C2=NN=NN2)C=C1 |&1:6|,2.0,TRAIN,COc1ccc(C(NC(=O)c2ncnc3[nH]ccc23)C(C)c2nnn[nH]2)cc1,COc1ccc([C@H](NC(=O)c2ncnc3[nH]ccc23)C(C)c2nnn[nH]2)cc1,FNXGHSXJKMURIQ-LNUXAPHWSA-N,COc1ccc(C(NC(=O)c2ncnc3[nH]ccc23)C(C)c2nnn[nH]2)cc1,COc1ccc([C@H](NC(=O)c2ncnc3[nH]ccc23)C(C)c2nnn[nH]2)cc1,FNXGHSXJKMURIQ-LNUXAPHWSA-N,O=C(NC(Cc1nnn[nH]1)c1ccccc1)c1ncnc2[nH]ccc12,PARSED,uL/min/mg,LOWER_BOUND_UNRELIABLE_<10,EXCLUDED_CENSORING_OR_BOUND,uL/min/mg,identity,identity,PREPRINT-V1-HLM-LOWCLEARANCE-ADMETAI-2.0.1,admet_ai,2.0.1,v2,HLM_BELOW_RELIABLE_BOUND,2.0,21.683731079101562,21.683731079101562,SUCCESS,
asap-antiviral-admet-2025-unblinded,ASAP-0008445:HLM,ASAP_HLM_MICROSOME,Clearance_Microsome_AZ,"C[C@H](C(=O)O)[C@H](NC(=O)C1=NC=NC2=C1C=CN2)C1=CC=C(Br)C=C1 |&1:1,&2:5|",5.0,TRAIN,CC(C(=O)O)C(NC(=O)c1ncnc2[nH]ccc12)c1ccc(Br)cc1,C[C@H](C(=O)O)[C@H](NC(=O)c1ncnc2[nH]ccc12)c1ccc(Br)cc1,BBYUVETWVSEHPK-ZANVPECISA-N,CC(C(=O)O)C(NC(=O)c1ncnc2[nH]ccc12)c1ccc(Br)cc1,C[C@H](C(=O)O)[C@H](NC(=O)c1ncnc2[nH]ccc12)c1ccc(Br)cc1,BBYUVETWVSEHPK-ZANVPECISA-N,O=C(NCc1ccccc1)c1ncnc2[nH]ccc12,PARSED,uL/min/mg,LOWER_BOUND_UNRELIABLE_<10,EXCLUDED_CENSORING_OR_BOUND,uL/min/mg,identity,identity,PREPRINT-V1-HLM-LOWCLEARANCE-ADMETAI-2.0.1,admet_ai,2.0.1,v2,HLM_BELOW_RELIABLE_BOUND,5.0,-4.454740524291992,-4.454740524291992,SUCCESS,
asap-antiviral-admet-2025-unblinded,ASAP-0008340:HLM,ASAP_HLM_MICROSOME,Clearance_Microsome_AZ,COC1=CC=C([C@H](CC2=NN=NN2)NC(=O)C2=NC=NC3=C2C=CN3)C=C1 |&1:6|,5.0,TRAIN,COc1ccc(C(Cc2nnn[nH]2)NC(=O)c2ncnc3[nH]ccc23)cc1,COc1ccc([C@H](Cc2nnn[nH]2)NC(=O)c2ncnc3[nH]ccc23)cc1,DMABAHOUGOIDPW-ZDUSSCGKSA-N,COc1ccc(C(Cc2nnn[nH]2)NC(=O)c2ncnc3[nH]ccc23)cc1,COc1ccc([C@H](Cc2nnn[nH]2)NC(=O)c2ncnc3[nH]ccc23)cc1,DMABAHOUGOIDPW-ZDUSSCGKSA-N,O=C(NC(Cc1nnn[nH]1)c1ccccc1)c1ncnc2[nH]ccc12,PARSED,uL/min/mg,LOWER_BOUND_UNRELIABLE_<10,EXCLUDED_CENSORING_OR_BOUND,uL/min/mg,identity,identity,PREPRINT-V1-HLM-LOWCLEARANCE-ADMETAI-2.0.1,admet_ai,2.0.1,v2,HLM_BELOW_RELIABLE_BOUND,5.0,18.237918853759766,18.237918853759766,SUCCESS,
asap-antiviral-admet-2025-unblinded,ASAP-0000627:HLM,ASAP_HLM_MICROSOME,Clearance_Microsome_AZ,"O=C(NC1=C2NC=C(C(=O)N[C@H]3C4=CC=CC=C4C[C@H]3C(=O)O)C2=CC=C1)NC1CC1 |&1:11,19|",6.0,TRAIN,O=C(Nc1cccc2c(C(=O)NC3c4ccccc4CC3C(=O)O)c[nH]c12)NC1CC1,O=C(Nc1cccc2c(C(=O)N[C@H]3c4ccccc4C[C@H]3C(=O)O)c[nH]c12)NC1CC1,LBNHXJVTFIKCIZ-APWZRJJASA-N,O=C(Nc1cccc2c(C(=O)NC3c4ccccc4CC3C(=O)O)c[nH]c12)NC1CC1,O=C(Nc1cccc2c(C(=O)N[C@H]3c4ccccc4C[C@H]3C(=O)O)c[nH]c12)NC1CC1,LBNHXJVTFIKCIZ-APWZRJJASA-N,O=C(Nc1cccc2c(C(=O)NC3CCc4ccccc43)c[nH]c12)NC1CC1,PARSED,uL/min/mg,LOWER_BOUND_UNRELIABLE_<10,EXCLUDED_CENSORING_OR_BOUND,uL/min/mg,identity,identity,PREPRINT-V1-HLM-LOWCLEARANCE-ADMETAI-2.0.1,admet_ai,2.0.1,v2,HLM_BELOW_RELIABLE_BOUND,6.0,-10.649796485900879,-10.649796485900879,SUCCESS,
asap-antiviral-admet-2025-unblinded,ASAP-0000591:HLM,ASAP_HLM_MICROSOME,Clearance_Microsome_AZ,COC1=CC=C([C@H](CC(=O)O)NC(=O)C2=NC=NC3=C2C=CN3)C=C1 |&1:6|,7.0,TRAIN,COc1ccc(C(CC(=O)O)NC(=O)c2ncnc3[nH]ccc23)cc1,COc1ccc([C@H](CC(=O)O)NC(=O)c2ncnc3[nH]ccc23)cc1,KZEXUHWJQCMLBM-ZDUSSCGKSA-N,COc1ccc(C(CC(=O)O)NC(=O)c2ncnc3[nH]ccc23)cc1,COc1ccc([C@H](CC(=O)O)NC(=O)c2ncnc3[nH]ccc23)cc1,KZEXUHWJQCMLBM-ZDUSSCGKSA-N,O=C(NCc1ccccc1)c1ncnc2[nH]ccc12,PARSED,uL/min/mg,LOWER_BOUND_UNRELIABLE_<10,EXCLUDED_CENSORING_OR_BOUND,uL/min/mg,identity,identity,PREPRINT-V1-HLM-LOWCLEARANCE-ADMETAI-2.0.1,admet_ai,2.0.1,v2,HLM_BELOW_RELIABLE_BOUND,7.0,1.8672130107879639,1.8672130107879639,SUCCESS,
asap-antiviral-admet-2025-unblinded,ASAP-0000528:HLM,ASAP_HLM_MICROSOME,Clearance_Microsome_AZ,"CNC(=O)CN1C[C@]2(CCN(C3=CN=CC4=CC=C(OC[C@H](O)CN(C)C)C=C34)C2=O)C2=CC(Cl)=CC=C2C1=O |&1:7,&2:21|",8.0,TRAIN,CNC(=O)CN1CC2(CCN(c3cncc4ccc(OCC(O)CN(C)C)cc34)C2=O)c2cc(Cl)ccc2C1=O,CNC(=O)CN1C[C@]2(CCN(c3cncc4ccc(OC[C@H](O)CN(C)C)cc34)C2=O)c2cc(Cl)ccc2C1=O,SDNOQBYEANXWNI-ACSYHNTCSA-N,CNC(=O)CN1CC2(CCN(c3cncc4ccc(OCC(O)CN(C)C)cc34)C2=O)c2cc(Cl)ccc2C1=O,CNC(=O)CN1C[C@]2(CCN(c3cncc4ccc(OC[C@H](O)CN(C)C)cc34)C2=O)c2cc(Cl)ccc2C1=O,SDNOQBYEANXWNI-ACSYHNTCSA-N,O=C1NCC2(CCN(c3cncc4ccccc34)C2=O)c2ccccc21,PARSED,uL/min/mg,LOWER_BOUND_UNRELIABLE_<10,EXCLUDED_CENSORING_OR_BOUND,uL/min/mg,identity,identity,PREPRINT-V1-HLM-LOWCLEARANCE-ADMETAI-2.0.1,admet_ai,2.0.1,v2,HLM_BELOW_RELIABLE_BOUND,8.0,10.770605087280273,10.770605087280273,SUCCESS,
asap-antiviral-admet-2025-unblinded,ASAP-0000541:HLM,ASAP_HLM_MICROSOME,Clearance_Microsome_AZ,CNC(=O)CN1C[C@@]2(C(=O)N(C3=CN=CC4=CC=CC=C34)C[C@@H]2C)C2=CC=CC=C2C1=O,3.0,TRAIN,CNC(=O)CN1CC2(C(=O)N(c3cncc4ccccc34)CC2C)c2ccccc2C1=O,CNC(=O)CN1C[C@@]2(C(=O)N(c3cncc4ccccc34)C[C@@H]2C)c2ccccc2C1=O,ACODTVFWVZTHHC-LMKMVOKYSA-N,CNC(=O)CN1CC2(C(=O)N(c3cncc4ccccc34)CC2C)c2ccccc2C1=O,CNC(=O)CN1C[C@@]2(C(=O)N(c3cncc4ccccc34)C[C@@H]2C)c2ccccc2C1=O,ACODTVFWVZTHHC-LMKMVOKYSA-N,O=C1NCC2(CCN(c3cncc4ccccc34)C2=O)c2ccccc21,PARSED,uL/min/mg,LOWER_BOUND_UNRELIABLE_<10,EXCLUDED_CENSORING_OR_BOUND,uL/min/mg,identity,identity,PREPRINT-V1-HLM-LOWCLEARANCE-ADMETAI-2.0.1,admet_ai,2.0.1,v2,HLM_BELOW_RELIABLE_BOUND,3.0,39.580833435058594,39.580833435058594,SUCCESS,
asap-antiviral-admet-2025-unblinded,ASAP-0000453:HLM,ASAP_HLM_MICROSOME,Clearance_Microsome_AZ,CC(C)[C@H](CO)NC1=NC=NC2=C1C=CN2,6.0,TRAIN,CC(C)C(CO)Nc1ncnc2[nH]ccc12,CC(C)[C@H](CO)Nc1ncnc2[nH]ccc12,UQNGWKIAUTZMKI-VIFPVBQESA-N,CC(C)C(CO)Nc1ncnc2[nH]ccc12,CC(C)[C@H](CO)Nc1ncnc2[nH]ccc12,UQNGWKIAUTZMKI-VIFPVBQESA-N,c1ncc2cc[nH]c2n1,PARSED,uL/min/mg,LOWER_BOUND_UNRELIABLE_<10,EXCLUDED_CENSORING_OR_BOUND,uL/min/mg,identity,identity,PREPRINT-V1-HLM-LOWCLEARANCE-ADMETAI-2.0.1,admet_ai,2.0.1,v2,HLM_BELOW_RELIABLE_BOUND,6.0,15.869718551635742,15.869718551635742,SUCCESS,
asap-antiviral-admet-2025-unblinded,ASAP-0000272:HLM,ASAP_HLM_MICROSOME,Clearance_Microsome_AZ,CNC(=O)CN1C[C@@]2(C(=O)N(C3=CN=CC4=CC=CC=C34)C[C@@H]2C)C2=C(C=CC(F)=C2)C1=O,1.0,TRAIN,CNC(=O)CN1CC2(C(=O)N(c3cncc4ccccc34)CC2C)c2cc(F)ccc2C1=O,CNC(=O)CN1C[C@@]2(C(=O)N(c3cncc4ccccc34)C[C@@H]2C)c2cc(F)ccc2C1=O,DWWXGWQPXYRTNZ-MQNRADLISA-N,CNC(=O)CN1CC2(C(=O)N(c3cncc4ccccc34)CC2C)c2cc(F)ccc2C1=O,CNC(=O)CN1C[C@@]2(C(=O)N(c3cncc4ccccc34)C[C@@H]2C)c2cc(F)ccc2C1=O,DWWXGWQPXYRTNZ-MQNRADLISA-N,O=C1NCC2(CCN(c3cncc4ccccc34)C2=O)c2ccccc21,PARSED,uL/min/mg,LOWER_BOUND_UNRELIABLE_<10,EXCLUDED_CENSORING_OR_BOUND,uL/min/mg,identity,identity,PREPRINT-V1-HLM-LOWCLEARANCE-ADMETAI-2.0.1,admet_ai,2.0.1,v2,HLM_BELOW_RELIABLE_BOUND,1.0,34.32208251953125,34.32208251953125,SUCCESS,
asap-antiviral-admet-2025-unblinded,ASAP-0000136:HLM,ASAP_HLM_MICROSOME,Clearance_Microsome_AZ,O=C(O)C[C@H](NC(=O)C1=NC=NC2=C1C=CN2)C1=CC=C(Br)C=C1 |&1:4|,6.0,TRAIN,O=C(O)CC(NC(=O)c1ncnc2[nH]ccc12)c1ccc(Br)cc1,O=C(O)C[C@H](NC(=O)c1ncnc2[nH]ccc12)c1ccc(Br)cc1,FSOPVDVKYHLXNE-LBPRGKRZSA-N,O=C(O)CC(NC(=O)c1ncnc2[nH]ccc12)c1ccc(Br)cc1,O=C(O)C[C@H](NC(=O)c1ncnc2[nH]ccc12)c1ccc(Br)cc1,FSOPVDVKYHLXNE-LBPRGKRZSA-N,O=C(NCc1ccccc1)c1ncnc2[nH]ccc12,PARSED,uL/min/mg,LOWER_BOUND_UNRELIABLE_<10,EXCLUDED_CENSORING_OR_BOUND,uL/min/mg,identity,identity,PREPRINT-V1-HLM-LOWCLEARANCE-ADMETAI-2.0.1,admet_ai,2.0.1,v2,HLM_BELOW_RELIABLE_BOUND,6.0,-8.996098518371582,-8.996098518371582,SUCCESS,
asap-antiviral-admet-2025-unblinded,ASAP-0000132:HLM,ASAP_HLM_MICROSOME,Clearance_Microsome_AZ,O=C(NC1=CC=CC=C1)NC1=CC=C(C(=O)NC2C3=C(CC2C(=O)O)C(O)=CC=C3)C=C1,9.0,TRAIN,O=C(Nc1ccccc1)Nc1ccc(C(=O)NC2c3cccc(O)c3CC2C(=O)O)cc1,O=C(Nc1ccccc1)Nc1ccc(C(=O)NC2c3cccc(O)c3CC2C(=O)O)cc1,UCQXDGPOPJQAQB-UHFFFAOYSA-N,O=C(Nc1ccccc1)Nc1ccc(C(=O)NC2c3cccc(O)c3CC2C(=O)O)cc1,O=C(Nc1ccccc1)Nc1ccc(C(=O)NC2c3cccc(O)c3CC2C(=O)O)cc1,UCQXDGPOPJQAQB-UHFFFAOYSA-N,O=C(Nc1ccccc1)Nc1ccc(C(=O)NC2CCc3ccccc32)cc1,PARSED,uL/min/mg,LOWER_BOUND_UNRELIABLE_<10,EXCLUDED_CENSORING_OR_BOUND,uL/min/mg,identity,identity,PREPRINT-V1-HLM-LOWCLEARANCE-ADMETAI-2.0.1,admet_ai,2.0.1,v2,HLM_BELOW_RELIABLE_BOUND,9.0,0.19170761108398438,0.19170761108398438,SUCCESS,
asap-antiviral-admet-2025-unblinded,ASAP-0016508:HLM,ASAP_HLM_MICROSOME,Clearance_Microsome_AZ,"CNC(=O)CN1C[C@@]2(C(=O)N(C3=CN=CC4=CC=CC=C34)C[C@@H]2N)C2=CC(Cl)=CC=C2C1=O |a:7,22|",7.53,TEST,CNC(=O)CN1CC2(C(=O)N(c3cncc4ccccc34)CC2N)c2cc(Cl)ccc2C1=O,CNC(=O)CN1C[C@@]2(C(=O)N(c3cncc4ccccc34)C[C@@H]2N)c2cc(Cl)ccc2C1=O,KQNOKAYCKGIXFU-GBXCKJPGSA-N,CNC(=O)CN1CC2(C(=O)N(c3cncc4ccccc34)CC2N)c2cc(Cl)ccc2C1=O,CNC(=O)CN1C[C@@]2(C(=O)N(c3cncc4ccccc34)C[C@@H]2N)c2cc(Cl)ccc2C1=O,KQNOKAYCKGIXFU-GBXCKJPGSA-N,O=C1NCC2(CCN(c3cncc4ccccc34)C2=O)c2ccccc21,PARSED,uL/min/mg,LOWER_BOUND_UNRELIABLE_<10,EXCLUDED_CENSORING_OR_BOUND,uL/min/mg,identity,identity,PREPRINT-V1-HLM-LOWCLEARANCE-ADMETAI-2.0.1,admet_ai,2.0.1,v2,HLM_BELOW_RELIABLE_BOUND,7.53,23.899097442626953,23.899097442626953,SUCCESS,
asap-antiviral-admet-2025-unblinded,ASAP-0015777:HLM,ASAP_HLM_MICROSOME,Clearance_Microsome_AZ,"CNCCN1C[C@@]2(C(=O)N(C3=CN=CC4=CC=CC=C34)C[C@@H]2CS(=O)(=O)N(C)C)C2=CC(Cl)=CC=C2C1=O |a:6,21|",8.0,TEST,CNCCN1CC2(C(=O)N(c3cncc4ccccc34)CC2CS(=O)(=O)N(C)C)c2cc(Cl)ccc2C1=O,CNCCN1C[C@@]2(C(=O)N(c3cncc4ccccc34)C[C@@H]2CS(=O)(=O)N(C)C)c2cc(Cl)ccc2C1=O,OHAHNJRNHHHCFT-WINIVTDRSA-N,CNCCN1CC2(C(=O)N(c3cncc4ccccc34)CC2CS(=O)(=O)N(C)C)c2cc(Cl)ccc2C1=O,CNCCN1C[C@@]2(C(=O)N(c3cncc4ccccc34)C[C@@H]2CS(=O)(=O)N(C)C)c2cc(Cl)ccc2C1=O,OHAHNJRNHHHCFT-WINIVTDRSA-N,O=C1NCC2(CCN(c3cncc4ccccc34)C2=O)c2ccccc21,PARSED,uL/min/mg,LOWER_BOUND_UNRELIABLE_<10,EXCLUDED_CENSORING_OR_BOUND,uL/min/mg,identity,identity,PREPRINT-V1-HLM-LOWCLEARANCE-ADMETAI-2.0.1,admet_ai,2.0.1,v2,HLM_BELOW_RELIABLE_BOUND,8.0,42.01710510253906,42.01710510253906,SUCCESS,
asap-antiviral-admet-2025-unblinded,ASAP-0014745:HLM,ASAP_HLM_MICROSOME,Clearance_Microsome_AZ,"C[C@H]1CN(C2=CN=CC3=CC=CC=C23)C(=O)[C@@]12CN(CC1=NC=CO1)C(=O)C1=CC=C(F)C=C12 |a:1,16|",8.0,TEST,CC1CN(c2cncc3ccccc23)C(=O)C12CN(Cc1ncco1)C(=O)c1ccc(F)cc12,C[C@H]1CN(c2cncc3ccccc23)C(=O)[C@@]12CN(Cc1ncco1)C(=O)c1ccc(F)cc12,HPSAPONZLKPMII-QMTYFTJSSA-N,CC1CN(c2cncc3ccccc23)C(=O)C12CN(Cc1ncco1)C(=O)c1ccc(F)cc12,C[C@H]1CN(c2cncc3ccccc23)C(=O)[C@@]12CN(Cc1ncco1)C(=O)c1ccc(F)cc12,HPSAPONZLKPMII-QMTYFTJSSA-N,O=C1c2ccccc2C2(CCN(c3cncc4ccccc34)C2=O)CN1Cc1ncco1,PARSED,uL/min/mg,LOWER_BOUND_UNRELIABLE_<10,EXCLUDED_CENSORING_OR_BOUND,uL/min/mg,identity,identity,PREPRINT-V1-HLM-LOWCLEARANCE-ADMETAI-2.0.1,admet_ai,2.0.1,v2,HLM_BELOW_RELIABLE_BOUND,8.0,64.01583099365234,64.01583099365234,SUCCESS,
asap-antiviral-admet-2025-unblinded,ASAP-0014769:HLM,ASAP_HLM_MICROSOME,Clearance_Microsome_AZ,"C[C@H]1CN(C2=CN=CC3=CC=CC=C23)C(=O)[C@@]12CN(CC1=NN(C)C=N1)C(=O)C1=CC=C(F)C=C12 |a:1,16|",3.0,TEST,CC1CN(c2cncc3ccccc23)C(=O)C12CN(Cc1ncn(C)n1)C(=O)c1ccc(F)cc12,C[C@H]1CN(c2cncc3ccccc23)C(=O)[C@@]12CN(Cc1ncn(C)n1)C(=O)c1ccc(F)cc12,LGIYPTGAQROONI-QMTYFTJSSA-N,CC1CN(c2cncc3ccccc23)C(=O)C12CN(Cc1ncn(C)n1)C(=O)c1ccc(F)cc12,C[C@H]1CN(c2cncc3ccccc23)C(=O)[C@@]12CN(Cc1ncn(C)n1)C(=O)c1ccc(F)cc12,LGIYPTGAQROONI-QMTYFTJSSA-N,O=C1c2ccccc2C2(CCN(c3cncc4ccccc34)C2=O)CN1Cc1nc[nH]n1,PARSED,uL/min/mg,LOWER_BOUND_UNRELIABLE_<10,EXCLUDED_CENSORING_OR_BOUND,uL/min/mg,identity,identity,PREPRINT-V1-HLM-LOWCLEARANCE-ADMETAI-2.0.1,admet_ai,2.0.1,v2,HLM_BELOW_RELIABLE_BOUND,3.0,41.97595977783203,41.97595977783203,SUCCESS,
